epoch,train_loss,train_acc,val_loss,val_acc,val_macro_f1,lr
1,6.4017053386198866,0.5161310890079062,3.643144256531261,0.6028266798909001,0.09347673775908634,0.001
2,3.4706053209681804,0.5900174275269914,3.5127970785589806,0.6171584428465162,0.12578826398281573,0.0009998904513956854
3,3.3026187063773493,0.6514069540083313,3.206742169287729,0.7655839325564097,0.21692979249252517,0.00099956185363438
4,3.1537473243707543,0.7100867125733231,3.208529964676868,0.7442598561864617,0.22259417909647905,0.0009990143508499217
5,3.0590850978767974,0.7492030094363683,3.0267532198594043,0.8673444086288123,0.28051894151443113,0.0009982481831951274
6,2.997186577381918,0.7734208960299244,3.0201152619669993,0.8282667989090008,0.2669643529411609,0.0009972636867364526
7,2.9200919170034263,0.7990627390971691,2.933252760591325,0.8854946689809076,0.35023348009511074,0.0009960612933065818
8,2.8887327125584665,0.8128347360367253,2.955022169371382,0.8826183982147285,0.4073217258839778,0.0009946415303150127
9,2.854445292148462,0.8282113406443934,2.8662758844235148,0.914009422266303,0.35351516772238795,0.0009930050205167172
10,2.825853413286171,0.8400174275269914,2.9413479615936735,0.8915943466402182,0.3552073779582399,0.00099115248173898
11,2.8071768567805933,0.8481786108985803,2.9842303191406567,0.8758740391767915,0.31941621801856673,0.0009890847265665358
12,2.7865450138605077,0.8560741307489586,2.986150668118451,0.8306471609223903,0.3740042818300646,0.0009868026619851433
13,2.770464541240583,0.8634383235569157,3.0273461942012982,0.8317877510538061,0.26096063544668285,0.000984307288983751
14,2.7566287108528913,0.8662968630451415,4.119737136071354,0.33483758988346146,0.13995776037708937,0.0009815997021154301
15,2.7419886999690473,0.870026778882938,2.809300082438701,0.924671460451277,0.5105292200233048,0.0009786810890172674
16,2.7333323558272933,0.8731722349740713,2.832651526680248,0.925613687081577,0.4694149657099185,0.0009755527298894293
17,2.718795949095499,0.8767427526991414,3.2937622004338007,0.6981403421770395,0.34382086588706423,0.0009722159969336218
18,2.7119889765240592,0.8796756779733061,3.0646317422050062,0.8072402677907266,0.3701331286869211,0.0009686723537511998
19,2.705555304027299,0.8816415880302644,2.846066600963669,0.9098437887428713,0.4911438765208141,0.0009649233547011815
20,2.6926175567615926,0.8847551644988524,2.7991958685675598,0.9245226878254401,0.505720856713384,0.0009609706442184559
21,2.6868795597217807,0.8849889483975176,2.889110687238361,0.8953136622861394,0.4742766844406862,0.000956815956092479
22,2.6773578673309792,0.8875924509053813,2.816425881041743,0.9211009174311927,0.49571928063623627,0.0009524611127067767
23,2.6708245423743486,0.8902278330357902,2.9089155883609346,0.8875774857426234,0.45489786679647987,0.0009479080242395866
24,2.6695124569529427,0.890323471903426,4.412564429342968,0.37832878750309945,0.23631366131632572,0.0009431586878259915
25,2.658700498747783,0.8925337923998979,3.033910444336732,0.8250929828911481,0.3713824027694314,0.0009382151866819096
26,2.645858299465677,0.895222307234549,2.832202977162273,0.9267542772129929,0.5087231832481004,0.0009330796891903268
27,2.643756708644396,0.8965612513814503,2.7838329042538263,0.9273493677163402,0.5094769921633481,0.0009277544479501729
28,2.6455079568726547,0.896051177420726,2.9257640471861612,0.8375898834614431,0.39567906098531685,0.0009222417987882563
29,2.62911233629974,0.8993454050837372,2.7543756771465997,0.9364244978923878,0.5245866993330565,0.0009165441597346945
30,2.6131454880197245,0.9031709597891694,4.28905089436528,0.2804859905777337,0.22138131161103589,0.000910664029962285
31,2.6035331673619293,0.9035216356371674,2.876749502090257,0.8933796181502603,0.47376877948322543,0.000904603988690286
32,2.598326788319117,0.9045099039360708,2.808518053632264,0.9149020580213241,0.5553172673728793,0.0008983666940530858
33,2.5946622852726593,0.9055513049392162,3.3144629776049217,0.6538556905529382,0.2548269769012546,0.0008919548819342568
34,2.578870360567326,0.9095468842982233,3.20799370472939,0.7099429704934292,0.30451522165146044,0.0008853713647665065
35,2.56439744065147,0.9115659270594236,3.734898710877494,0.5127696503843293,0.38237921928024426,0.0008786190302980521
36,2.552867507829174,0.9141162968630452,3.1142785827959263,0.7386064964046616,0.35838634055725377,0.0008717008403259583
37,2.534326187883076,0.9178143330782964,2.82831075503044,0.9118770146293083,0.566992078525926,0.0008646198293969948
38,2.5165589224022384,0.9228194338179035,2.8074685846343397,0.9176791470369452,0.5352253451734815,0.0008573791034765851
39,2.5043105100537506,0.9252104055087987,2.7875407742413523,0.9183734192908505,0.5783173326185836,0.000849981838586426
40,2.487403606239513,0.9274738587095129,2.832146489611341,0.9134143317629556,0.5362799131572714,0.0008424312794113799
41,2.4868401772086335,0.9278139080166624,2.8088445999945715,0.9137614678899083,0.5733449573476928,0.0008347307378762496
42,2.47906061535454,0.929588540338349,2.709164284175955,0.9408876766674932,0.6075787010427748,0.0008268835916930577
43,2.4663497435846957,0.9306511944231913,2.9078030546043165,0.8703198611455493,0.4903134589579525,0.0008188932828794705
44,2.4707090963081346,0.9307574598316756,3.0232113850492124,0.8127448549466898,0.4417892984522882,0.0008107633162490161
45,2.465691311610938,0.9329465272464508,2.7670798604966627,0.9318621373667245,0.5825449202036768,0.0008024972578737563
46,2.452531513405284,0.9334884808297204,2.6932864768139164,0.9513513513513514,0.6338775841309379,0.0007940987335200903
47,2.4487552924960037,0.9348486780583185,2.6969798951299144,0.9506074882221671,0.6332645044173226,0.0007855714270583738
48,2.450151158587154,0.9344767491286237,2.789992665204049,0.9155963302752294,0.5768001160835595,0.0007769190788470505
49,2.443085719926376,0.936219501827765,2.697151526617348,0.950706669972725,0.6316184462396427,0.0007681454840920089
50,2.436048972528625,0.937048372013942,2.724747365123428,0.9418794941730722,0.6247006926982713,0.0007592544911818787
51,2.4326838046264196,0.9372502762900621,4.297247679795753,0.31718323828415573,0.13865381911272937,0.0007502500000000002
52,2.435134631703928,0.9372290232083652,2.7211481291337964,0.946838581700967,0.6239021052474247,0.0007411359602138069
53,2.425224871636653,0.9385254611918729,2.9239983511834176,0.8523183734192908,0.5434542942036322,0.0007319163695423711
54,2.4206710669658507,0.9395243560316245,3.2297067602485336,0.6789486734440863,0.4307292041228505,0.0007225952720028713
55,2.4101627813678284,0.941043951372949,2.746652266845022,0.9286883213488718,0.6142777352974448,0.0007131767561367538
56,2.399567949136463,0.9430736206749979,2.673963935695036,0.9528886684849988,0.695663138334278,0.0007036649532163622
57,2.3969838046849223,0.9427123182861515,2.6993824278956575,0.9537317133647409,0.7000750924410055,0.0006940640354328254
58,2.3957549421639097,0.9431692595426336,4.2413616127451155,0.2635755021076122,0.29830588480937176,0.0006843782140659967
59,2.3877306552218265,0.943955623565417,2.7184477797105537,0.9380609967765932,0.610450629993487,0.0006746117376372467
60,2.3840243131907872,0.9446144690980192,2.7397760089266074,0.9301760476072403,0.6403865244208766,0.0006647688900459223
61,2.3813245256751974,0.9451457961404404,2.666551947516837,0.9563600297545252,0.6714596973324491,0.0006548539886902863
62,2.3798562446885456,0.9455496046926805,2.7992795819595377,0.9064220183486239,0.6531789743057377,0.0006448713825737636
63,2.374006467075116,0.9465484995324323,2.7130447352816325,0.94009422266303,0.6660362939136811,0.0006348254503973252
64,2.3680519870397116,0.9469416815438239,2.7113945508694903,0.9422266303000248,0.6781811213343029,0.0006247205986388449
65,2.36965830982983,0.9482912522315736,2.67269519001445,0.9570543020084304,0.6986477250693349,0.0006145612596202726
66,2.3626910269407353,0.9491413754994474,2.6738427677670042,0.9516488966030251,0.6841393197980645,0.0006043518895634708
67,2.353729421950761,0.9495239309699907,2.6777231773666847,0.9503595338457724,0.6904496461912445,0.0005940969666355695
68,2.349653174213778,0.9500446314715634,2.688038153084401,0.9506570790974461,0.6902996135958529,0.000583800988984693
69,2.3435520880747074,0.9509478874436793,2.6741059649827137,0.9543268038680883,0.694062014916538,0.0005734684727669245
70,2.3432058641459172,0.9508841281985888,2.8955042218558993,0.870617406397223,0.6274290736373597,0.0005631039501653698
71,2.343131346249777,0.9508097424126498,3.042691431121202,0.8088767666749318,0.5035283387778514,0.0005527119674021929
72,2.34157503035303,0.9511497917197994,2.6922836335870546,0.9523927597322093,0.6697349184894349,0.0005422970827444914
73,2.333031657560336,0.9519467822834311,2.7052671927303824,0.9406893131663774,0.6730492027111454,0.000531863864504892
